,Subblock,Scene,Tile,T,Z,C,X[micron],Y[micron],Z[micron],Time[s],xstart,ystart,width,height
0,0,0,0,0,0,0,4261.284,8361.406,683.0,0.0,0,0,1960,1416
1,1,0,0,0,0,1,4261.284,8361.406,683.0,0.3500199317932129,0,0,1960,1416
2,2,1,0,0,0,0,13293.666,8372.441,683.934,2.37613582611084,19758,24,1960,1416
3,3,1,0,0,0,1,13293.666,8372.441,683.934,2.724155902862549,19758,24,1960,1416
